{
  "avg_wait": 34.300907441016335,
  "avg_duration": 95.79201451905627,
  "avg_speed": 4.250557850341467,
  "vehicles": 2755,
  "inserted": 2755,
  "ended": 2755,
  "teleports": 0,
  "sim_time": 14465.0
}