{
  "avg_wait": 16.409437386569873,
  "avg_duration": 77.92595281306716,
  "avg_speed": 4.9000892395052045,
  "vehicles": 2755,
  "inserted": 2755,
  "ended": 2755,
  "teleports": 0,
  "sim_time": 14427.0
}