{
  "avg_wait": 16.76370235934664,
  "avg_duration": 78.39056261343012,
  "avg_speed": 4.886585699494189,
  "vehicles": 2755,
  "inserted": 2755,
  "ended": 2755,
  "teleports": 0,
  "sim_time": 14430.0
}